First Name,Last Name,Date of Birth,Position,Contract Expiry,Status
Dimitar,Mitov,22/01/1997,GK,2027,N
Kristers,Tobers,13/12/2000,RCB,2028,N
Mats,Knoester,19/11/1998,CB,2029,N
Gavin,Molloy,19/10/2001,LCB,2027,N
Jack,Milne,10/02/2003,RCB,2029,N
Nicky,Devlin,17/10/1993,RWB,2027,N
Ante,Palaversa,06/04/2000,LCM,2027,N
Peter,Ambrose,06/10/2002,STR,2027,N
Findlay,Marshall,17/04/2006,RCM,2028,N
Alfie,Bavidge,04/11/2006,STR,2027,O
Nicholas,Suman,28/02/2000,GK,2027,N
Emmanuel,Gyamfi,23/07/2004,LWB,2029,N
Kusini,Yengi,15/01/1999,STL,2027,N
Kjartan, Mar Kjartansson,14/07/2006,RCM,2029,N
Kenan,Bilalović,22/06/2005,STR,2030,N
Marko,Lazetić,22/01/2004,STR,2029,N
Mitchel,Frame,25/01/2006,LWB,2029,N
Kevin,Nisbet,03/08/1997,STL,2028,N
Stuart,Armstrong,30/03/1992,AM,2027,N
Dylan,Lobban,26/08/2005,RWB,2028,N
Afeez,Aremu,03/10/1999,LCM,2028,N
Lewis,Mayo,19/03/2000,CB,2029,S
Brad,Lyons,26/05/1997,RCM,2028,S
Alexander,Briedl,21/04/2002,LCM,2028,S
Connor,Ronan,06/03/1998,RCM,2028,S
Toyosi,Olusanya,14/10/1997,STR,2028,S
Nesta,Guinness-Walker,14/09/1999,LWB,2028,S
Dan,Happe,28/09/1998,LCB,2028,S
Ayoub,Mouloua,30/09/2002,STR,2029,S
Tony,Yogane,24/09/2005,STL,2030,S
Lewis,Smith,16/03/2000,RW,2028,S
Marius,Müller,12/07/1993,GK,2028,S